{"cameraMode":{"drawMode":0,"name":"Shaded","section":"Shading Mode"},"sceneLighting":true,"audioPlay":false,"sceneViewState":{"m_AlwaysRefresh":false,"showFog":true,"showSkybox":true,"showFlares":true,"showImageEffects":true,"showParticleSystems":true,"showVisualEffectGraphs":true,"m_FxEnabled":true},"in2DMode":false,"pivot":{"x":537.3155517578125,"y":210.94004821777345,"z":96.2198486328125},"rotation":{"x":-0.11554528027772904,"y":0.011022613383829594,"z":-0.0012837988324463368,"w":-0.9932454228401184},"size":502.1382141113281,"orthographic":false}