{"cameraMode":{"drawMode":0,"name":"Shaded","section":"Shading Mode"},"sceneLighting":true,"audioPlay":false,"sceneViewState":{"m_AlwaysRefresh":false,"showFog":true,"showSkybox":true,"showFlares":true,"showImageEffects":true,"showParticleSystems":true,"showVisualEffectGraphs":true,"m_FxEnabled":true},"in2DMode":false,"pivot":{"x":4.423887252807617,"y":2.1202616691589357,"z":-1.4297757148742676},"rotation":{"x":0.1954299658536911,"y":-0.03501393646001816,"z":0.006891833618283272,"w":0.9801123738288879},"size":2.7815463542938234,"orthographic":false}