{"cameraMode":{"drawMode":0,"name":"Shaded","section":"Shading Mode"},"sceneLighting":true,"audioPlay":false,"sceneViewState":{"m_AlwaysRefresh":false,"showFog":true,"showSkybox":true,"showFlares":true,"showImageEffects":true,"showParticleSystems":true,"showVisualEffectGraphs":true,"m_FxEnabled":true},"in2DMode":false,"pivot":{"x":0.04470705986022949,"y":-3.0357003211975099,"z":-0.04448994994163513},"rotation":{"x":0.7013656497001648,"y":0.0012946507195010782,"z":-0.0012641636421903968,"w":0.7128051519393921},"size":2.36602520942688,"orthographic":false}